Escuela_DE,I_02,I_36,I_710,I_1114,I_06,I_714,I_314,Cob_est,Public + social secutity,pob,vincNBI,preciom2,Dist_CESAC,NEAR_FID,POINT_X,POINT_Y,DE,COMUNA,BARRIO
1_1,19.3,27.4,25.9,27.4,46.7,53.3,80.7,75.6,24.4,90368,3.872180451,2440.74109,1847.310303,10,106519.1811,104333.4398,1,2,RECOLETA
1_10,34.4,32.6,20.2,12.8,67,33,65.6,54.1,45.9,76968,1.537634409,2571.616277,2064.646211,22,100839.4441,107526.6059,10,13,BELGRANO
1_11,31.1,23.7,23,22.2,54.8,45.2,68.9,61.5,38.5,80797,1.6,2959.916252,1710.035935,17,98035.1598,99242.9117,11,10,VELEZ SARSFIELD
1_12,45.3,31.6,12.8,10.3,76.9,23.1,54.7,36.8,63.2,49334,1.459016393,3033.653793,2461.375023,24,100060.043,100186.034,12,7,FLORES
1_13,32.9,30,12.9,24.3,62.9,37.1,67.1,48.6,51.4,56572,0.985294118,2296.70422,1860.868403,19,96650.1735,98819.9795,13,10,VILLA LURO
1_14,31.6,27.6,26.3,14.5,59.2,40.8,68.4,43.4,56.6,58611,0.958333333,2697.634639,1230.235129,8,100969.296,104070.6789,14,15,CHACARITA
1_15,20.6,37.4,23.7,18.3,58,42,79.4,61.8,38.2,69709,1.447058824,2922.405682,1429.875233,22,97582.4711,106409.7681,15,12,VILLA URQUIZA
1_16,31,38.1,14.3,16.7,69.1,31,69,45.2,54.8,45594,2,2717.127069,2058.375822,23,95591.4065,103795.911,16,11,VILLA DEVOTO
1_17,53.1,35.2,6.9,4.8,88.3,11.7,46.9,15.9,84.1,60691,1.409090909,2253.035258,1307.019376,29,97347.2429,102767.9989,17,11,VILLA DEL PARQUE
1_18,30.5,27.1,18.6,23.7,57.6,42.4,69.5,72.9,27.1,54713,1.459016393,2394.934266,2034.084001,17,95361.2796,100648.9921,18,10,MONTE CASTRO
1_19,16.5,39.4,22.8,21.3,55.9,44.1,83.5,59.1,40.9,83642,2.076190476,2480.159874,1180.535506,16,103867.0863,98424.5914,19,4,NUEVA POMPEYA
1_20,40,34.6,12.3,13.1,74.6,25.4,60,41.5,58.5,31701,1.775,2324.901077,1530.897473,19,94517.1643,97448.1002,20,9,LINIERS
1_21,22.7,32,22.2,23.1,54.7,45.3,77.3,67.6,32.4,34909,0.740740741,1561.337467,319.3192091,20,99624.0885,93707.1807,21,8,VILLA LUGANO
1_5,30.6,34.2,23.4,11.7,64.8,35.1,69.4,47.7,52.3,53810,0,3156.055873,1242.676733,4,107897.9462,99486.4919,5,4,BARRACAS
1_6,33.5,28.4,21.1,17,61.9,38.1,66.5,53.7,46.3,67513,3.488372093,2242.204385,1695.376682,21,105674.0983,101905.5304,6,3,BALVANERA
1_7,40.9,33.6,15.5,10,74.5,25.5,59.1,30.9,69.1,57781,2.973684211,3265.271421,1386.818848,8,102117.2408,103377.6464,7,15,VILLA CRESPO
1_8,26.2,34.2,20.3,19.3,60.4,39.6,73.8,64.7,35.3,55051,0.909090909,1732.380522,1132.06265,14,101630.0893,99505.7548,8,7,PARQUE CHACABUCO
1_9,44.9,32.7,15.3,7.1,77.6,22.4,55.1,48,52,117341,2.791366906,2660.113988,1090.186406,8,103079.2762,104739.5751,9,14,PALERMO
10_1,24,35.5,25.6,14.9,59.5,40.5,76,62,38,31706,2.153846154,2253.23562,1080.604367,21,105771.1357,102849.5049,1,3,BALVANERA
10_10,44.6,35.6,17.8,2,80.2,19.8,55.4,43.6,56.4,48849,1.6,2355.087455,2424.204628,9,100261.5258,109158.5931,10,13,NUÃ‘EZ
10_11,30.9,28.9,17.5,22.7,59.8,40.2,69.1,73.2,26.8,102976,1.518796992,3284.352189,2010.990876,24,99790.1158,99143.8402,11,7,FLORES
10_12,49.5,27.5,13.2,9.8,77,23,50.5,35.8,64.2,61442,2.044117647,2949.474819,55.65755765,17,97348.2435,100864.9038,12,10,FLORESTA
10_13,24.2,31.1,28,16.7,55.3,44.7,75.8,72,28,55971,0.214285714,1854.268238,1728.003328,25,98852.1007,98276.8993,13,9,PARQUE AVELLANEDA
10_14,30.9,30.9,23.6,14.6,61.8,38.2,69.1,58.5,41.5,30784,1.162162162,2631.579532,1156.549644,29,99591.2889,103155.7575,14,15,PATERNAL
10_15,51,32.3,10.4,6.3,83.3,16.7,49,21.9,78.1,75071,1.726190476,2944.479056,1476.948346,22,98054.4202,105452.7699,15,12,VILLA URQUIZA
10_17,52.1,34.4,8.3,5.2,86.5,13.5,47.9,19.8,80.2,64543,0.986666667,2435.568805,967.0626977,29,97662.3052,102501.8534,17,11,VILLA DEL PARQUE
10_18,31.4,32.9,20,15.7,64.3,35.7,68.6,51.4,48.6,58250,1.771428571,2247.097718,1201.306736,17,96735.2134,99816.9533,18,10,VELEZ SARSFIELD
10_19,13.2,27.9,26.5,32.4,41.1,58.8,86.8,69.1,30.9,109656,2.376923077,2532.640997,911.9867016,16,103627.9877,98167.7012,19,4,NUEVA POMPEYA
10_2,30.7,37.6,18.8,12.9,68.3,31.7,69.3,52.5,47.5,40457,1.279069767,2081.614712,936.7266076,21,105403.197,104111.4917,2,2,RECOLETA
10_20,30.7,31.6,11.4,26.3,62.3,37.7,69.3,64,36,49951,1.55,2381.950679,917.1273335,19,95234.1534,97577.0672,20,9,LINIERS
10_21,19.3,25,28.4,27.4,44.3,55.7,80.7,72.3,27.7,57457,0.615384615,1561.219909,280.6113592,20,99959.9015,94133.9468,21,8,VILLA LUGANO
10_5,15.8,34.2,19.2,30.8,50,50,84.2,93.3,6.7,128949,4.827027027,2302.178727,814.2295741,7,105379.0029,97683.7095,5,4,BARRACAS
10_6,35.3,29.4,23.5,11.8,64.7,35.3,64.7,44.7,55.3,114783,3.383561644,3259.003623,880.7464583,26,105655.0292,100251.5688,6,3,SAN CRISTOBAL
10_7,37.9,22.4,20.7,19,60.3,39.7,62.1,37.9,62.1,78874,3.101010101,3367.910316,2563.960238,1,101399.9236,101690.4663,7,6,CABALLITO
10_8,17,26.6,26.6,29.8,43.6,56.4,83,80.9,19.1,112735,1.828767123,2691.731889,774.2587517,14,102484.0485,98996.7305,8,7,PARQUE CHACABUCO
10_9,45.3,31.1,17.6,6.1,76.4,23.6,54.7,25.7,74.3,100168,2.491803279,3534.683486,1878.766936,8,101830.384,106630.5846,9,14,PALERMO
11_10,15.8,31.6,26.3,26.3,47.4,52.6,84.2,81.6,18.4,65702,0.734375,2221.715072,4092.44747,8,102729.454,108783.498,10,13,BELGRANO
11_11,30.3,21.1,26.3,22.4,51.4,48.7,69.7,64.5,35.5,99055,1.710743802,3226.238479,1933.564687,0,99467.0935,98436.8699,11,9,PARQUE AVELLANEDA
11_12,20.5,29.5,19.2,30.8,50,50,79.5,69.2,30.8,40223,0.957446809,2928.367088,455.0353476,17,97841.2291,100788.8848,12,10,FLORESTA
11_13,15.7,26.4,24.8,33.1,42.1,57.9,84.3,88.4,11.6,59948,1.146666667,2517.598417,790.0070648,3,97588.0353,96037.0033,13,8,VILLA LUGANO
11_14,29.1,30.9,32.7,7.3,60,40,70.9,52.7,47.3,107532,1.415492958,3443.233314,2018.875136,8,100623.1717,103272.0498,14,15,VILLA CRESPO
11_15,35.5,43,16.1,5.4,78.5,21.5,64.5,19.4,80.6,59726,1.819444444,2912.807062,1610.097655,22,97401.4902,106766.7675,15,12,VILLA URQUIZA
11_16,32.4,39.7,14.7,13.2,72.1,27.9,67.6,36.8,63.2,53412,1.803030303,2789.665629,2156.013868,23,96986.3865,104073.8461,16,15,AGRONOMIA
11_18,35.4,28.6,26.1,9.9,64,36,64.6,44.1,55.9,75604,1.963855422,2923.753552,638.8632974,17,97575.2111,100214.909,18,10,FLORESTA
11_19,7.7,18.2,30.1,44.1,25.9,74.1,92.3,90.2,9.8,113212,1.595588235,2657.31714,250.5117126,16,102852.9963,97952.7386,19,4,NUEVA POMPEYA
11_2,33.3,37.5,18.1,11.1,70.8,29.2,66.7,40.3,59.7,89493,3,3563.235836,578.9143326,1,103371.1911,102871.6052,2,5,ALMAGRO
11_20,17,29.8,27.7,25.5,46.8,53.2,83,81.6,18.4,31193,0.806451613,2248.814749,776.1661235,3,96441.0542,95866.0553,20,9,MATADEROS
11_3,41.9,31.2,12.9,14,73.1,26.9,58.1,52.7,47.3,57566,0.493506494,2285.725651,1376.830893,11,106969.0197,100734.5026,3,1,CONSTITUCION
11_5,21.9,36.2,18.1,23.8,58.1,41.9,78.1,86.7,13.3,72577,7.110169492,3033.948929,831.253987,28,106688.8672,96951.6002,5,4,BARRACAS
11_6,36.3,27.5,19.9,16.4,63.8,36.3,63.7,55.6,44.4,166912,2.995145631,3133.055179,826.4576049,26,104880.0628,100632.5927,6,3,SAN CRISTOBAL
11_7,43.5,30.6,11.3,14.5,74.1,25.8,56.5,40.3,59.7,116477,1.391025641,3328.261958,1860.086985,29,100472.2313,102261.7408,7,6,CABALLITO
11_8,62.8,26.6,6.9,3.7,89.4,10.6,37.2,8.7,91.3,104182,1.396825397,2631.153604,1916.264654,1,103035.1105,100770.667,8,6,CABALLITO
11_9,48,36,10.7,5.3,84,16,52,33.3,66.7,124839,3.821656051,2614.522353,1659.610591,21,103897.536,104749.1143,9,14,PALERMO
12_1,37.3,23.7,27.1,11.9,61,39,62.7,69.5,30.5,154932,2.078947368,3422.666912,1607.403941,21,104785.2476,104980.498,1,14,PALERMO
12_10,42.6,36,15.4,5.9,78.6,21.3,57.4,34.6,65.4,81838,2.68627451,2369.585127,1693.544828,9,99362.5107,108313.6501,10,13,NUÃ‘EZ
12_11,14.9,23.4,35.1,26.6,38.3,61.7,85.1,67,33,68332,2.3375,2543.19944,1509.375699,24,100286.0989,99009.8225,11,7,FLORES
12_12,25.3,37.4,19,18.4,62.7,37.4,74.7,60.3,39.7,71365,1.44047619,2450.309227,2264.881407,29,99675.1756,100504.8142,12,7,FLORES
12_13,15.8,31.6,28.1,24.6,47.4,52.6,84.2,64.9,35.1,35778,0.428571429,2211.56412,1208.044463,19,97188.0784,96846.0017,13,9,MATADEROS
12_14,39.3,21.4,28.6,10.7,60.7,39.3,60.7,50,50,64507,1.235294118,3486.286442,1568.340197,8,100982.8973,103555.6606,14,15,VILLA CRESPO
12_15,39.7,35.1,17,8.2,74.8,25.3,60.3,30.9,69.1,63055,1.584415584,2220.141948,1593.836877,9,97526.4069,107491.6354,15,12,SAAVEDRA
12_16,22.8,42.4,19.6,15.2,65.2,34.8,77.2,51.1,48.9,29743,1.696969697,2923.767019,1254.900254,23,96372.521,106942.8068,16,12,VILLA URQUIZA
12_19,9.8,19.2,34.2,36.8,29,70.9,90.2,95.7,4.3,55083,1.255319149,1818.266771,228.4425899,14,102043.0255,98209.7668,19,7,FLORES
12_20,30.1,31.1,16.5,22.3,61.2,38.8,69.9,55.3,44.7,50079,2.15,2308.295347,1704.080426,19,95830.19,98771.015,20,10,VILLA LURO
12_5,19.8,28.4,21.1,30.6,48.2,51.7,80.2,90.1,9.9,91592,3.92248062,2221.519415,482.7343045,7,106073.2731,97417.3189,5,4,BARRACAS
12_6,23.9,34.3,23.1,18.7,58.2,41.8,76.1,63.4,36.6,78139,2.11827957,2257.345351,1471.877452,26,104746.0927,101270.5838,6,3,BALVANERA
12_7,56,24,9,11,80,20,44,37,63,56560,2.112676056,3343.928024,1882.983437,29,100240.2062,101538.767,7,7,FLORES
12_9,46.8,21,12.9,19.4,67.8,32.3,53.2,24.2,75.8,110256,1.931506849,3405.508674,1475.893603,8,101014.3704,105866.6363,9,13,COLEGIALES
13_10,49.5,32.3,14,4.3,81.8,18.3,50.5,21.5,78.5,50518,1.125,2963.267713,1176.575485,9,98988.5609,109307.6432,10,12,SAAVEDRA
13_11,8,25.4,23.2,43.5,33.4,66.7,92,92,8,73751,1.433333333,2624.826919,401.6395692,24,101442.057,98634.7824,11,7,FLORES
13_13,18.2,36.4,24.2,21.2,54.6,45.5,81.8,72,28,49243,1.086206897,2305.17195,1134.071182,19,96877.1254,97796.9932,13,9,MATADEROS
13_14,18.5,33.8,27.7,20,52.3,47.7,81.5,69.2,30.8,84368,1.971428571,3329.700438,1914.181244,29,100206.2935,103598.7217,14,15,PATERNAL
13_15,28.3,32.1,17,22.6,60.4,39.6,71.7,64.2,35.8,27424,0.84375,2815.655876,800.2310652,9,97269.5657,108492.7339,15,12,SAAVEDRA
13_16,24.8,33.7,24.8,16.8,58.5,41.6,75.2,49.5,50.5,43344,1.458333333,2897.8672,487.8018804,23,96243.4807,105914.8355,16,12,VILLA PUEYRREDON
13_17,26.7,35.9,20.7,16.6,62.6,37.3,73.3,43.8,56.2,30629,0.459459459,2379.277559,3257.112135,17,94132.2083,100928.9992,17,10,VILLA REAL
13_18,32.9,32.9,12.9,21.4,65.8,34.3,67.1,38.6,61.4,57021,1.548387097,2267.850789,364.9302894,17,97032.2456,100742.9198,18,10,FLORESTA
13_19,9.6,31.3,27.7,31.3,40.9,59,90.4,81.9,18.1,81397,3.610619469,3255.239667,743.7578112,13,102883.844,97296.2514,19,4,NUEVA POMPEYA
13_2,40.8,22.4,23.7,13.2,63.2,36.8,59.2,43.4,56.6,50947,1.183333333,2184.807671,474.9793943,21,104406.198,103595.5453,2,2,RECOLETA
13_20,12.8,31.8,21.6,33.8,44.6,55.4,87.2,79.7,20.3,34761,1.119047619,2321.319435,428.9838742,19,95718.1079,96754.0655,20,9,MATADEROS
13_21,26.2,35.9,20.3,17.6,62.1,37.9,73.8,54.3,45.7,61145,0.837837838,2468.021109,1107.730657,20,98837.2886,93564.2298,21,8,VILLA RIACHUELO
13_3,33.3,26.9,24.4,15.4,60.2,39.7,66.7,61.5,38.5,29874,13.26666667,3323.714511,1284.141735,11,107135.3343,101406.9646,3,1,MONTSERRAT
13_5,36.1,33.3,20.8,9.7,69.4,30.6,63.9,58.3,41.7,74160,0.329896907,2908.739673,708.8744363,28,107405.6698,98105.5172,5,4,BARRACAS
13_6,25.9,29.9,20.4,23.8,55.8,44.2,74.1,55.8,44.2,101080,3.403100775,2262.562935,1271.044343,1,104875.1118,101795.5665,6,3,BALVANERA
13_7,53.6,31.9,5.8,8.7,85.5,14.5,46.4,27.5,72.5,98791,2.87804878,2467.929459,1491.439103,29,100013.229,101957.767,7,11,VILLA GRAL. MITRE
13_9,55.4,35,6.3,3.3,90.4,9.6,44.6,14.5,85.5,69438,1.175824176,3552.209967,830.1765236,8,101605.3414,105494.6199,9,13,COLEGIALES
14_1,24.8,33.6,24.8,16.8,58.4,41.6,75.2,62.4,37.6,100951,3.776223776,2216.647514,1370.721547,21,105931.12,102562.5047,1,3,BALVANERA
14_10,46.7,34.2,7.6,11.4,80.9,19,53.3,33.7,66.3,41105,0.76744186,1508.708904,1190.611933,9,98650.5213,108182.6829,10,12,SAAVEDRA
14_11,27.1,25.7,22.9,24.3,52.8,47.1,72.9,64.3,35.7,66276,0.936708861,2457.156572,2282.779999,17,99090.1385,99304.866,11,10,FLORESTA
14_12,29.3,32.9,18,19.8,62.2,37.7,70.7,67.7,32.3,46539,1.017241379,2962.55635,1494.295337,29,99251.936,101155.3547,12,11,VILLA GRAL. MITRE
14_13,18.7,29,17.8,34.6,47.7,52.3,81.3,80.4,19.6,67459,1.168674699,2538.512955,1283.082661,3,97301.0694,96694.0004,13,9,MATADEROS
14_14,40.8,23.9,18.3,16.9,64.7,35.2,59.2,56.3,43.7,42146,1,1480.794012,731.5601513,8,101287.3263,104964.6452,14,15,CHACARITA
14_15,28.7,45.9,12.7,12.7,74.6,25.5,71.3,57.3,42.7,21172,0.916666667,2728.046174,895.8882702,9,97048.5767,108633.74,15,12,SAAVEDRA
14_16,59.5,30.4,4.4,5.7,89.9,10.1,40.5,17.7,82.3,48329,0.369565217,1883.995803,1918.192154,23,97584.4225,105253.7942,16,12,VILLA URQUIZA
14_17,52,29.2,12.9,5.8,81.2,18.7,48,25.7,74.3,37164,0.622222222,2389.04891,3074.579553,17,94314.3144,100912.0301,17,10,VILLA REAL
14_18,17.3,32.9,21.4,28.3,50.2,49.7,82.7,57.2,42.8,25088,1.419354839,2310.38019,3464.679129,17,94029.2815,99974.0634,18,10,VERSALLES
14_19,13.8,26.6,34,25.5,40.4,59.6,86.2,75.5,24.5,77349,1.076923077,2664.360288,841.6618863,6,102644.9347,96375.7832,19,8,VILLA SOLDATI
14_2,36.1,31.6,20.3,12,67.7,32.3,63.9,66.9,33.1,99023,2.86259542,2153.699936,662.5274134,21,105323.1495,102935.5218,2,3,BALVANERA
14_20,22.3,35.3,25.2,17.3,57.6,42.4,77.7,74.8,25.2,27213,0.862068966,2280.742045,960.4029693,3,96240.0597,95890.0632,20,9,MATADEROS
14_21,25.4,35.2,19,20.4,60.6,39.4,74.6,64.8,35.2,66727,1.696202532,3156.426756,1247.366221,20,98671.9271,94046.0029,21,8,VILLA LUGANO
14_3,29.3,36,14.7,20,65.3,34.7,70.7,49.3,50.7,58805,1.3125,2363.505868,1570.594465,11,106940.6123,101668.8647,3,1,MONTSERRAT
14_5,20.1,30.7,26.3,23,50.8,49.3,79.9,69.7,30.3,98797,3.032,2306.762043,1498.492334,26,104582.9733,98340.6572,5,4,NUEVA POMPEYA
14_6,45.6,34.7,10.5,9.2,80.3,19.7,54.4,34.7,65.3,137009,3.05027933,2994.955058,1174.771621,26,104034.614,100606.0081,6,5,BOEDO
14_7,63.5,20.3,13.5,2.7,83.8,16.2,36.5,20.3,79.7,32884,1.035714286,1116.531204,2302.192768,1,101636.1859,101809.7022,7,6,CABALLITO
14_8,40.8,32.7,16.6,10,73.5,26.5,59.2,26.5,73.5,98921,1.210084034,2686.560987,1860.832107,14,102022.113,100283.7206,8,6,CABALLITO
14_9,40.7,25.6,17.4,16.3,66.3,33.7,59.3,58.1,41.9,72837,1.289156627,2662.70662,364.6963372,8,101807.3191,105074.6209,9,14,PALERMO
15_10,54.2,29.5,10.1,6.2,83.7,16.3,45.8,12.9,87.1,64934,2.65,2182.745603,1150.761566,9,98759.5845,109745.6429,10,12,SAAVEDRA
15_11,27.7,25.5,23.8,22.9,53.2,46.8,72.3,77.9,22.1,94457,1.634920635,3320.132904,1876.168406,24,100724.1274,99924.7833,11,7,FLORES
15_12,40.2,32.2,14.9,12.6,72.4,27.6,59.8,31,69,58097,0.6,1548.265416,2206.491607,29,99850.1788,100675.803,12,7,FLORES
15_13,18.1,31,26.6,24.2,49.1,50.8,81.9,72.2,27.8,47316,2.301886792,2166.076863,603.6645512,25,99194.9967,95984.9369,13,8,VILLA LUGANO
15_14,28.7,33.7,23.8,13.9,62.4,37.6,71.3,47.5,52.5,63849,0.565217391,1515.231326,1269.735702,29,99781.28,103047.752,14,15,PATERNAL
15_15,46.6,34,15.7,3.7,80.6,19.4,53.4,23.6,76.4,31431,1.170731707,2813.46947,724.9164274,22,98592.4807,107184.708,15,12,COGHLAN
15_16,44,26.7,13.3,16,70.7,29.3,56,45.3,54.7,38603,1.476190476,2719.925742,1085.175328,23,95539.4492,104784.8907,16,11,VILLA DEVOTO
15_17,55.3,29.4,10.2,5.1,84.7,15.3,44.7,31.9,68.1,39129,1.897959184,2660.632357,2710.773316,23,95349.1783,103167.935,17,11,VILLA DEVOTO
15_18,30.6,33.3,18.1,18.1,63.9,36.1,69.4,40.3,59.7,41187,0.456521739,2164.577405,445.1257084,17,97279.2253,100393.9173,18,10,VELEZ SARSFIELD
15_19,25.6,26.7,23.3,24.4,52.3,47.7,74.4,72.1,27.9,86444,0.931623932,2769.029568,399.6509856,6,101873.9518,96363.8158,19,8,VILLA SOLDATI
15_20,30.6,36.5,16.5,16.5,67.1,32.9,69.4,38.8,61.2,44114,1.696428571,2376.897524,1697.666949,19,94776.1921,98250.0711,20,9,LINIERS
15_21,13.2,33.2,25.1,28.5,46.4,53.6,86.8,79.9,20.1,84482,2.675925926,2415.997218,386.8009699,18,99969.8719,93433.9623,21,8,VILLA LUGANO
15_3,31,34.1,23.3,11.6,65.1,34.9,69,51.9,48.1,112024,6.187096774,2980.685034,1874.390513,26,105804.076,101445.5354,3,3,BALVANERA
15_6,41.5,29.6,14.8,14.1,71.1,28.9,58.5,39.4,60.6,66512,1.717948718,2152.598682,1100.313715,26,104894.074,100906.5859,6,3,SAN CRISTOBAL
15_7,52.4,28.6,9.5,9.5,81,19,47.6,14.3,85.7,62616,0.794117647,2725.595723,1512.824304,1,102483.1672,101821.6664,7,6,CABALLITO
15_8,12,30.9,25.8,31.3,42.9,57.1,88,78.1,21.9,74049,0.735294118,2219.385597,694.149736,14,102432.0471,98935.734,8,7,PARQUE CHACABUCO
15_9,44.6,35.4,12.3,7.7,80,20,55.4,52.3,47.7,95101,1.896551724,2645.860189,1351.146895,8,101370.3662,105959.6192,9,13,COLEGIALES
16_1,35.9,23.7,14.1,26.3,59.6,40.4,64.1,45.5,54.5,97247,3.290322581,2200.31521,1474.431375,21,105002.2367,104837.4921,1,14,PALERMO
16_10,44.4,34.3,13.1,8.1,78.7,21.2,55.6,33.3,66.7,67519,1.752941176,3092.019704,1357.194582,22,99499.488,107848.6549,10,13,NUÃ‘EZ
16_11,20.1,30.2,25.9,23.7,50.3,49.6,79.9,78.4,21.6,89303,2.906542056,2448.465101,1778.555098,24,99824.083,98379.8562,11,7,FLORES
16_12,29.8,35.5,22.6,12.1,65.3,34.7,70.2,71.8,28.2,49546,0.75,2240.744655,257.5462763,17,97472.2493,101068.8939,12,10,FLORESTA
16_13,9.8,27.5,26.5,36.3,37.3,62.7,90.2,70.6,29.4,62755,1.068493151,2340.318594,1506.703283,25,98321.097,97901.9301,13,9,PARQUE AVELLANEDA
16_14,18.9,35.8,20.8,24.5,54.7,45.3,81.1,71.7,28.3,85145,1.86407767,3217.301103,728.5140997,29,99280.2827,102840.7777,14,11,VILLA GRAL. MITRE
16_15,48.8,34.9,9.3,7,83.7,16.3,51.2,41.9,58.1,73184,1.693181818,2963.951725,1060.09295,22,98412.4227,105704.7492,15,12,VILLA URQUIZA
16_16,41.5,27.7,18.5,12.3,69.2,30.8,58.5,35.4,64.6,50374,1.915254237,2729.838846,1614.74892,23,95942.4173,104242.8861,16,11,VILLA DEVOTO
16_17,24.7,35.4,21.1,18.8,60.1,39.9,75.3,61.9,38.1,38556,0.466666667,2522.178073,3032.27322,17,94475.3426,101670.0061,17,11,VILLA DEVOTO
16_18,39.6,36.1,13.9,10.4,75.7,24.3,60.4,37.5,62.5,35700,1.409090909,2341.889731,2932.323684,17,94574.2701,99999.0399,18,10,VERSALLES
16_19,14.5,23.9,29.9,31.6,38.4,61.5,85.5,78.6,21.4,108318,1.882352941,3540.6743,835.8879005,6,101752.9723,96786.8113,19,8,VILLA SOLDATI
16_2,17.6,38,24.6,19.7,55.6,44.4,82.4,66.9,33.1,121422,4.560240964,2394.548466,959.9276489,21,105225.1334,102500.5358,2,3,BALVANERA
16_20,32.6,28.1,18.5,20.7,60.7,39.3,67.4,63.7,36.3,47116,1.357142857,2346.597771,380.3017484,19,95872.1329,97433.0436,20,9,MATADEROS
16_21,24,34.1,22.8,19.2,58.1,41.9,76,65.9,34.1,54522,0.707317073,1493.110674,806.6163015,18,99644.8637,93061.9844,21,8,VILLA RIACHUELO
16_3,30.7,30.7,21.3,17.3,61.4,38.7,69.3,68,32,57016,2.76344086,3374.705529,972.138218,11,107380.0101,100735.0271,3,1,CONSTITUCION
16_5,10.8,38.6,25.3,25.3,49.4,50.6,89.2,85.5,14.5,82168,2.490384615,2123.852733,826.0943991,7,105118.9229,97430.6553,5,4,NUEVA POMPEYA
16_7,35.1,39.6,14.4,10.8,74.7,25.2,64.9,26.1,73.9,66876,1.454545455,2586.019672,2323.645791,8,101322.2234,102532.699,7,15,VILLA CRESPO
16_8,39.9,38.2,12.1,9.8,78.1,22,60.1,35.8,64.2,118889,3.18,2812.456542,863.2504834,1,103548.1378,101698.6244,8,5,ALMAGRO
16_9,48.3,35,5,11.7,83.3,16.7,51.7,23.3,76.7,68753,1.367647059,2521.039795,1988.22613,8,101066.3966,106519.6192,9,13,COLEGIALES
17_10,58.4,31.8,4.5,5.2,90.2,9.7,41.6,19.5,80.5,59727,1.15942029,2577.274855,2130.592961,22,100604.4689,107989.6053,10,13,BELGRANO
17_11,16.5,30.1,28.4,25,46.6,53.4,83.5,85.8,14.2,58853,1.684931507,3203.414854,1917.548414,25,98802.4788,98462.6536,11,9,PARQUE AVELLANEDA
17_12,47.6,24.6,13.5,14.3,72.2,27.8,52.4,34.1,65.9,63334,1.542857143,3030.823783,716.5100001,29,98525.2563,101804.833,12,11,VILLA SANTA RITA
17_14,54.1,40.8,2,3.1,94.9,5.1,45.9,6.1,93.9,72624,2.034883721,2541.832422,1362.47675,22,100226.3935,105989.6665,14,13,COLEGIALES
17_15,46.2,34,10.4,9.4,80.2,19.8,53.8,24.5,75.5,50972,1.315789474,2946.320572,1718.871483,23,97164.4986,106838.7759,15,12,VILLA URQUIZA
17_16,45.3,26.7,14.7,13.3,72,28,54.7,36,64,60316,1.666666667,2905.827097,1507.232744,23,96919.4221,104883.8306,16,12,VILLA PUEYRREDON
17_17,51.9,29.5,8.5,10.1,81.4,18.6,48.1,30.2,69.8,57227,1.837837838,2642.281087,1829.990523,29,97050.3584,103438.8578,17,11,VILLA DEL PARQUE
17_18,32.1,29.5,17.9,20.5,61.6,38.5,67.9,39.7,60.3,59953,1.375,2460.753241,1463.977253,17,96114.3002,101547.9401,18,10,MONTE CASTRO
17_19,16.9,26.8,24.3,32,43.7,56.3,83.1,84.5,15.5,39757,1.057142857,1052.528945,146.125166,6,101764.9372,95947.2872,19,8,VILLA SOLDATI
17_2,52.4,25.4,15.9,6.3,77.8,22.2,47.6,26.2,73.8,72283,1.023529412,2664.981593,1326.161072,1,102532.2071,102799.6421,2,6,CABALLITO
17_20,10.4,20.1,37,32.5,30.5,69.5,89.6,90.3,9.7,25339,2.333333333,2362.359147,2496.600435,19,94053.2247,98636.0928,20,9,LINIERS
17_5,19.8,24,28.9,27.3,43.8,56.2,80.2,88.4,11.6,114580,3.593333333,2441.884696,1477.302441,7,104440.9419,97517.6818,5,4,NUEVA POMPEYA
17_6,22.8,32.6,28.3,16.3,55.4,44.6,77.2,69.6,30.4,50155,0.214285714,1847.281368,1154.033961,26,105353.0619,100865.5675,6,3,SAN CRISTOBAL
17_7,47.2,31.7,11.4,9.8,78.9,21.1,52.8,37.4,62.6,62520,1.138888889,2676.807617,1612.389859,1,102305.716,103048.1556,7,15,VILLA CRESPO
17_8,38,27.2,19.6,15.2,65.2,34.8,62,41.1,58.9,66707,2.43902439,3704.241965,1519.795863,14,102697.0755,99754.7043,8,7,PARQUE CHACABUCO
17_9,35,41.3,15.4,8.4,76.3,23.8,65,30.8,69.2,69741,1.452380952,2494.316047,1765.840037,8,103754.4033,104807.9645,9,14,PALERMO
18_1,29.5,34.1,20.5,15.9,63.6,36.4,70.5,61.4,38.6,112536,3.210526316,2152.687979,1749.098363,21,105320.2384,105051.4739,1,2,RECOLETA
18_10,37.7,40.3,19.5,2.6,78,22.1,62.3,29.9,70.1,84420,1.86407767,3234.002565,614.1928812,22,99504.4201,106233.6913,10,12,VILLA URQUIZA
18_13,23.3,30.2,23.3,23.3,53.5,46.5,76.7,47.7,52.3,74868,1.640449438,2964.35035,1400.8828,25,98407.0919,97825.9283,13,9,PARQUE AVELLANEDA
18_14,27,27,27,18.9,54,45.9,73,64.9,35.1,45457,1.054545455,2734.99016,1109.555496,8,100921.3386,105059.6585,14,15,CHACARITA
18_15,32.9,44.7,13.2,9.2,77.6,22.4,67.1,38.2,61.8,20474,0.956521739,2751.665757,923.0859586,9,97062.2607,108556.5182,15,12,SAAVEDRA
18_16,32.7,37.3,15.5,14.5,70,30,67.3,48.2,51.8,26319,1.666666667,2877.535438,849.9571995,23,96019.517,106656.8281,16,12,VILLA URQUIZA
18_17,39.3,33.9,10.7,16.1,73.2,26.8,60.7,42.9,57.1,40642,0.520833333,2102.597984,1031.666166,29,97720.2839,102025.8618,17,11,VILLA SANTA RITA
18_18,26.1,35.1,18,20.7,61.2,38.7,73.9,51.4,48.6,51212,2.266666667,2337.376474,1502.578593,17,96002.248,100243.9744,18,10,MONTE CASTRO
18_19,9.4,25.8,26.6,38.2,35.2,64.8,90.6,88,12,28844,1.58974359,3630.780608,146.125166,6,101764.9372,95947.2872,19,8,VILLA SOLDATI
18_2,37.5,23.2,19.6,19.6,60.7,39.3,62.5,42.9,57.1,123830,3.840764331,2662.911656,396.5842956,1,104195.1512,102366.5821,2,5,ALMAGRO
18_20,41.6,29.2,16.1,13.1,70.8,29.2,58.4,39.4,60.6,44129,2.321428571,2360.543491,2028.870372,19,94941.2117,98805.0516,20,9,LINIERS
18_21,22.7,36.7,21.9,18.8,59.4,40.6,77.3,64.8,35.2,44153,0.86,2569.309602,688.2095921,18,100189.6544,93182.7155,21,8,VILLA RIACHUELO
18_5,33.3,27.8,17.8,21.1,61.1,38.9,66.7,53.3,46.7,91634,4.908396947,3083.576804,1624.98639,28,106462.9739,99372.5548,5,4,PARQUE PATRICIOS
18_6,35.7,38.9,12.1,13.4,74.6,25.5,64.3,39.5,60.5,37031,0.8,1982.778328,1025.971935,1,104016.5972,101507.0005,6,5,ALMAGRO
18_7,41.3,15.2,10.9,32.6,56.5,43.5,58.7,43.5,56.5,98972,2.837398374,2467.80515,1408.789556,29,100032.2572,102641.7507,7,11,VILLA GRAL. MITRE
18_9,45.2,19.2,21.9,13.7,64.4,35.6,54.8,79.5,20.5,66804,3.083333333,3093.119196,1200.404822,8,102719.2451,103805.6114,9,15,VILLA CRESPO
19_10,45.4,33.8,13.8,6.9,79.2,20.8,54.6,34.6,65.4,50108,1.821428571,2219.786459,1219.422843,22,99811.4662,107497.6497,10,13,BELGRANO
19_11,34.9,27.4,18.9,18.9,62.3,37.7,65.1,47.2,52.8,54112,2.65,2130.687899,2233.313547,17,98799.1362,99094.883,11,10,FLORESTA
19_12,27.5,42,17.4,13,69.5,30.4,72.5,65.2,34.8,64720,1.333333333,2499.719143,2467.572801,24,100027.381,100167.4525,12,7,FLORES
19_13,16.9,26.3,22.9,33.9,43.2,56.8,83.1,68.6,31.4,44945,0.759259259,2207.248383,1332.197679,25,97726.0708,96956.9766,13,9,MATADEROS
19_15,38.6,29.9,21.5,10,68.5,31.5,61.4,32.3,67.7,22391,1.4,2845.334042,1610.425266,23,96427.0528,107313.2887,15,12,SAAVEDRA
19_16,39.6,25,16.7,18.8,64.6,35.4,60.4,54.2,45.8,62366,1.391304348,2286.845119,1904.530979,23,97430.4125,104931.808,16,12,VILLA PUEYRREDON
19_17,33.7,37.5,7.7,21.2,71.2,28.8,66.3,61.5,38.5,31762,1.135135135,2711.764341,3409.131347,17,94440.3799,102538.9879,17,11,VILLA DEVOTO
19_19,12.7,29.9,18.6,38.7,42.6,57.4,87.3,93.1,6.9,98022,2.642857143,2545.679275,121.5654808,12,100664.9939,96714.8586,19,8,VILLA SOLDATI
19_2,34.9,28.3,21.1,15.8,63.2,36.8,65.1,67.1,32.9,28048,0.756756757,1903.919889,608.2470234,1,103749.1929,103118.5837,2,5,ALMAGRO
19_20,21,31.2,23.2,24.6,52.2,47.8,79,83.3,16.7,40401,0.527777778,2067.48989,286.9692397,3,96863.034,95614.0433,20,9,MATADEROS
19_21,10.3,17.6,31.1,41,27.9,72.2,89.7,87.5,12.5,74573,1.825581395,2430.963351,332.2108074,15,99655.4405,94742.8638,21,8,VILLA LUGANO
19_5,23.3,23.3,28.3,25,46.6,53.3,76.7,60,40,130467,4.144508671,2803.486813,1400.414401,26,104997.9668,98409.6382,5,4,PARQUE PATRICIOS
19_7,56.2,31.5,4.1,8.2,87.7,12.3,43.8,8.2,91.8,77885,1.638297872,2588.059394,2298.026544,29,100920.1243,102332.0193,7,6,CABALLITO
19_9,36.7,20,23.3,20,56.7,43.3,63.3,58.3,41.7,32884,1.035714286,1116.531204,716.2249368,8,101699.2808,104103.6475,9,15,VILLA CRESPO
2_1,21.5,28.5,17.1,32.9,50,50,78.5,74.7,25.3,63332,2.141414141,3353.512626,1357.962551,10,107197.156,104102.4166,1,1,RETIRO
2_11,19.1,29.1,27.3,24.5,48.2,51.8,80.9,60,40,65357,2.135802469,2148.70097,1662.009209,17,97967.1624,99267.914,11,10,VELEZ SARSFIELD
2_12,27.8,35.4,19,17.7,63.2,36.7,72.2,61.4,38.6,29234,0.7,1470.415587,2330.573201,24,100170.8171,100106.8022,12,7,FLORES
2_13,14.3,22.2,17.5,46,36.5,63.5,85.7,68.3,31.7,37740,1.155555556,2313.115427,973.2833501,19,96958.1009,97258.002,13,9,MATADEROS
2_14,41.6,36.4,8.7,13.3,78,22,58.4,32.4,67.6,101157,2.976190476,2478.675366,1706.540595,22,100061.3661,105248.6903,14,15,VILLA ORTUZAR
2_15,23.5,39.2,24.8,12.4,62.7,37.3,76.5,48.4,51.6,53001,1.841269841,2193.957398,1276.291516,22,97774.4594,106234.764,15,12,VILLA URQUIZA
2_16,41.6,37.6,11.9,8.9,79.2,20.8,58.4,35.6,64.4,55476,2.014705882,2723.026886,1973.628691,23,96215.3978,103926.8818,16,11,VILLA DEVOTO
2_17,52,29.6,9.2,9.2,81.6,18.4,48,23.5,76.5,58264,1.586666667,2603.498173,1541.553673,29,97252.3441,103206.8546,17,11,VILLA DEL PARQUE
2_18,50.2,29.5,11.1,9.2,79.7,20.3,49.8,36.2,63.8,57421,1.967741935,2385.082073,1583.429939,17,95804.2773,100834.9693,18,10,MONTE CASTRO
2_19,25,25,27,23,50,50,75,74,26,136227,2.6875,3229.936356,1561.096772,16,103928.9394,97179.711,19,4,NUEVA POMPEYA
2_2,44.2,31.7,14.2,10,75.9,24.2,55.8,47.5,52.5,148900,3.612565445,2980.354894,559.2166727,21,105118.1926,103850.5096,2,2,RECOLETA
2_20,24.6,40.4,10.5,24.6,65,35.1,75.4,58.8,41.2,28480,1.888888889,2313.221595,1823.086881,19,94262.1773,97620.107,20,9,LINIERS
2_21,18.4,35.7,21.3,24.6,54.1,45.9,81.6,70.5,29.5,73899,1.471264368,2536.038238,492.3133134,18,100416.8766,93787.9355,21,8,VILLA LUGANO
2_3,26.9,41.7,21.3,10.2,68.6,31.5,73.1,56.5,43.5,62313,1.333333333,2304.345719,1660.569596,11,106728.0519,101372.4983,3,1,MONTSERRAT
2_5,19.4,38.9,21.3,20.4,58.3,41.7,80.6,64.8,35.2,49377,1.240740741,2121.519381,903.3475849,26,104769.993,98911.6364,5,4,PARQUE PATRICIOS
2_6,22.9,33.9,15.3,28,56.8,43.2,77.1,78,22,125191,4.360465116,2784.022238,395.6268985,26,105253.0126,99637.5996,6,4,PARQUE PATRICIOS
2_7,38,30.4,13.9,17.7,68.4,31.6,62,40.5,59.5,96043,1.341085271,2785.866409,1361.162379,8,101962.2452,103397.6525,7,15,VILLA CRESPO
2_8,28.6,38.6,22.9,10,67.2,32.9,71.4,37.1,62.9,121944,1.696551724,2665.193988,1018.369356,14,102491.0608,99294.7234,8,7,PARQUE CHACABUCO
2_9,45.1,36.1,14.3,4.5,81.2,18.8,54.9,30.1,69.9,64991,0.929577465,2718.027777,1046.514588,8,102267.253,103749.6317,9,15,VILLA CRESPO
20_10,34.4,45.3,3.1,17.2,79.7,20.3,65.6,35.9,64.1,57092,1.788732394,3083.421279,2824.03821,22,100865.4931,108707.578,10,13,NUÃ‘EZ
20_11,8.2,30.6,42.9,18.4,38.8,61.2,91.8,73.5,26.5,46704,2.12,2171.539189,1723.351824,0,99457.0848,98224.8751,11,9,PARQUE AVELLANEDA
20_13,15.5,27.2,26.2,31.1,42.7,57.3,84.5,78.6,21.4,76015,1.976190476,2946.370455,1762.22806,25,97760.1059,97810.9558,13,9,PARQUE AVELLANEDA
20_14,35.5,30.6,19.4,14.5,66.1,33.9,64.5,48.4,51.6,80354,1.81,3238.48694,1891.63867,29,99599.3299,104137.7349,14,15,PATERNAL
20_17,44.7,34.1,12.9,8.2,78.8,21.2,55.3,20,80,34183,1.45,2674.440314,3200.670856,17,94754.3772,102644.9723,17,11,VILLA DEVOTO
20_18,17.6,27,23,32.4,44.6,55.4,82.4,77,23,33900,1.818181818,2380.051962,2594.968447,19,94526.2381,99210.0599,18,9,LINIERS
20_19,11.7,32.2,25.6,30.6,43.9,56.1,88.3,87.8,12.2,91936,2.521367521,3428.087136,699.8968451,6,101313.9632,96332.8401,19,8,VILLA SOLDATI
20_2,52.9,30.3,10.6,6.2,83.2,16.8,47.1,19.7,80.3,22342,0.793103448,1899.995559,1001.699159,1,103390.2136,103416.5921,2,5,ALMAGRO
20_20,37.5,34.8,15.2,12.5,72.3,27.7,62.5,44.6,55.4,44966,1.283018868,2341.670922,436.3182484,19,95905.135,97501.0407,20,9,MATADEROS
20_5,14.6,31.7,24.4,29.3,46.3,53.7,85.4,85.4,14.6,54156,0.029850746,3188.830669,337.1156371,27,107851.8985,97690.8185,5,4,BARRACAS
20_7,51.3,25.7,15,8,77,23,48.7,30.1,69.9,102002,1.17037037,2717.844919,1837.596202,1,102096.1792,101899.6809,7,6,CABALLITO
20_8,20,30.9,18.2,30.9,50.9,49.1,80,53.6,46.4,49742,1.035087719,2275.530279,1238.396666,16,103734.0147,98867.6809,8,5,BOEDO
20_9,25.9,30.6,23.5,20,56.5,43.5,74.1,75.3,24.7,109508,2.595890411,3405.97061,1706.078473,8,103608.2876,105296.5402,9,14,PALERMO
21_1,47.3,21.8,20,10.9,69.1,30.9,52.7,49.1,50.9,39196,0.272727273,2298.820528,1637.565823,10,106691.1835,104483.4292,1,2,RECOLETA
21_10,36.6,37.2,18.6,7.6,73.8,26.2,63.4,52.4,47.6,75107,1.863636364,3008.6654,865.1378187,9,98672.1737,108819.4168,10,12,SAAVEDRA
21_11,20.9,30.2,23.3,25.6,51.1,48.8,79.1,62.8,37.2,43006,1.023809524,2030.438402,1993.699589,25,99221.1032,98535.8779,11,9,PARQUE AVELLANEDA
21_13,20.3,39.1,18.8,21.7,59.4,40.6,79.7,59.4,40.6,61149,1.647887324,2208.139247,2176.01238,25,97836.1288,98395.9393,13,9,PARQUE AVELLANEDA
21_14,32.8,27.9,26.2,13.1,60.7,39.3,67.2,44.3,55.7,101134,2.12195122,2616.94993,1510.708178,8,101048.2735,103576.6868,14,15,VILLA CRESPO
21_15,20,35.4,27.7,16.9,55.4,44.6,80,56.9,43.1,34347,1.347826087,3115.713691,391.5429612,22,98715.4416,106318.7225,15,12,VILLA URQUIZA
21_17,36.5,33.3,19,11.1,69.8,30.2,63.5,30.2,69.8,47594,1.557377049,2531.457853,763.480573,29,97901.3099,102743.8379,17,11,VILLA DEL PARQUE
21_19,12.7,21.1,41.6,24.7,33.8,66.3,87.3,93.4,6.6,67560,1.202898551,2571.384599,679.0263615,12,101345.7141,96558.3131,19,8,VILLA SOLDATI
21_20,12,28.7,27.2,32,40.7,59.3,88,81.4,18.6,34772,0.172413793,1874.038456,307.7339579,5,97208.975,94395.0565,20,8,VILLA LUGANO
21_3,30.9,36.4,25.5,7.3,67.3,32.7,69.1,55.5,44.5,63122,11.55357143,2814.95091,1799.609187,11,106579.0197,100525.5237,3,3,SAN CRISTOBAL
21_7,33.3,27.8,27.8,11.1,61.1,38.9,66.7,52.8,47.2,79394,1.535353535,2597.271764,2125.14933,8,101199.2368,102785.6984,7,15,VILLA CRESPO
21_8,36,34.2,10.5,19.3,70.2,29.8,64,46.5,53.5,17010,0.47826087,1541.040471,831.9392403,16,103002.0345,98943.7099,8,7,PARQUE CHACABUCO
22_10,51.9,32.7,12.1,3.3,84.6,15.4,48.1,30.4,69.6,79545,0.96,2601.691806,2834.99717,22,101065.4811,108529.5736,10,13,BELGRANO
22_11,12.5,32.3,35.4,19.8,44.8,55.2,87.5,86.5,13.5,42146,1,1481.901654,418.8250289,24,101223.0541,98449.7958,11,7,FLORES
22_13,14.9,23.6,29.2,32.3,38.5,61.5,85.1,78.3,21.7,58706,1.061538462,2984.810181,959.5125373,3,97953.0185,95833.9926,13,8,VILLA LUGANO
22_14,25.7,35.9,21,17.4,61.6,38.3,74.3,54.5,45.5,77100,2.548387097,2244.540998,1702.119748,29,98611.3556,104215.7747,14,15,AGRONOMIA
22_15,42.6,35.7,14,7.8,78.3,21.7,57.4,34.1,65.9,76218,1.755555556,2979.702672,1145.067379,22,98455.501,107592.7045,15,12,COGHLAN
22_16,50,26.3,14,9.6,76.3,23.7,50,25.4,74.6,49848,1.592592593,2884.415745,591.0161015,23,96323.4685,105667.8378,16,12,VILLA PUEYRREDON
22_17,20.5,31.8,23.9,23.9,52.3,47.7,79.5,55.7,44.3,53651,0.65625,2505.920091,2522.178156,17,95015.3308,101681.9832,17,11,VILLA DEVOTO
22_18,18.8,35.3,24.7,21.2,54.1,45.9,81.2,81.2,18.8,25702,2.352941176,2357.237978,2744.478537,19,94063.2405,99018.0836,18,9,LINIERS
22_19,11.9,28.1,33.3,26.7,40,60,88.1,83,17,63976,0.986486486,2652.871175,118.4802031,16,102824.0037,98113.7362,19,4,NUEVA POMPEYA
22_2,42.3,26.8,15.5,15.5,69.1,31,57.7,19.7,80.3,128379,3.906432749,2729.726912,598.0918351,1,104425.1532,102539.5685,2,5,ALMAGRO
22_20,16.7,26.1,26.4,30.8,42.8,57.2,83.3,87.3,12.7,44535,0.421052632,2122.314116,261.2337678,5,97247.9904,94784.046,20,8,VILLA LUGANO
22_3,26.4,30.4,24.8,18.4,56.8,43.2,73.6,58.4,41.6,31766,0.488372093,2361.583809,1799.609187,11,106579.0197,100525.5237,3,3,SAN CRISTOBAL
22_6,32.8,31,19,17.2,63.8,36.2,67.2,55.2,44.8,63100,1.480519481,2340.314285,1331.26413,26,104268.0913,100980.6105,6,5,ALMAGRO
22_7,55.8,23.2,7.4,13.7,79,21.1,44.2,23.2,76.8,65810,0.75,2724.007181,1642.933263,8,102218.2282,103131.6477,7,15,VILLA CRESPO
22_8,40.2,34.9,14.8,10.1,75.1,24.9,59.8,21.9,78.1,94212,2.234848485,2954.194431,1421.885999,14,102652.0729,99667.7082,8,7,PARQUE CHACABUCO
23_1,45.2,27.4,12.3,15.1,72.6,27.4,54.8,56.2,43.8,115529,4.083916084,3218.559264,759.9361236,21,105584.1642,103427.4997,1,2,RECOLETA
23_10,40.3,35.8,17.9,6,76.1,23.9,59.7,56.7,43.3,61434,2.759493671,3235.440792,3026.494244,22,101706.4419,107943.56,10,13,BELGRANO
23_11,12.4,25.6,27.3,34.7,38,62,87.6,73.6,26.4,69627,2.011494253,2416.438888,1339.032525,24,100270.0749,98429.8363,11,7,FLORES
23_12,26,37,20,17,63,37,74,56,44,69530,2.127906977,2179.289864,1480.305161,17,98296.1713,99656.8914,12,10,FLORESTA
23_14,21.7,30,23.3,25,51.7,48.3,78.3,46.7,53.3,110944,1.217687075,3435.852445,1971.552441,8,100572.2763,103387.7111,14,15,PATERNAL
23_16,27.3,34.8,22,15.9,62.1,37.9,72.7,40.9,59.1,55914,1.655737705,2926.585639,826.2458092,23,96571.4638,105689.8269,16,12,VILLA PUEYRREDON
23_17,39.6,37.3,13.4,9.7,76.9,23.1,60.4,31.3,68.7,53007,1.661538462,2712.232108,2269.516894,23,95896.3906,103581.9031,17,11,VILLA DEVOTO
23_18,38,36.1,12.5,13.3,74.1,25.9,62,37.6,62.4,62910,1.282051282,2479.382108,983.0496029,17,97866.1941,99966.9024,18,10,FLORESTA
23_19,12.6,25.8,26.9,34.6,38.4,61.5,87.4,89,11,106043,1.157142857,2710.478782,644.1852636,13,102169.451,97141.6216,19,8,VILLA SOLDATI
23_2,28.2,33.3,25.6,12.8,61.5,38.5,71.8,82.1,17.9,56293,0.625,2014.608178,225.0520698,21,105051.1742,103376.5232,2,3,BALVANERA
23_3,29.7,37,19.8,13.5,66.7,33.3,70.3,42.7,57.3,102583,6.915584416,2281.685129,1650.085719,26,106040.0517,100994.5357,3,3,SAN CRISTOBAL
23_5,15.9,37.7,29,17.4,53.6,46.4,84.1,55.1,44.9,134486,3.221590909,2879.936748,1509.740356,7,104404.9426,97513.6834,5,4,NUEVA POMPEYA
23_6,19,31.7,28.9,20.4,50.7,49.3,81,68.3,31.7,44054,1.392156863,2133.189177,861.2143086,26,104297.0153,99186.65,6,5,BOEDO
23_7,30.3,36.1,13.1,20.5,66.4,33.6,69.7,49.2,50.8,119311,2.771428571,2604.781398,625.243369,1,103286.165,102202.624,7,5,ALMAGRO
23_8,22.7,23.4,26.6,27.3,46.1,53.9,77.3,86.7,13.3,26323,1.275862069,1269.650958,728.2948446,14,102511.044,98903.7314,8,7,PARQUE CHACABUCO
23_9,35.7,39.3,7.1,17.9,75,25,64.3,46.4,53.6,71637,3.967741935,3588.462829,839.4078608,8,102735.7058,104374.5982,9,14,PALERMO
24_1,22.7,34.1,22.7,20.5,56.8,43.2,77.3,70.5,29.5,110148,4.95625,2216.56155,1445.956046,21,105659.2099,104555.4709,1,2,RECOLETA
24_11,26.7,22.4,26.7,24.1,49.1,50.9,73.3,77.6,22.4,89713,2.218181818,2619.70976,1283.274692,24,100884.0988,99330.7901,11,7,FLORES
24_12,13,34.3,22.5,30.2,47.3,52.7,87,85.8,14.2,57509,1.652777778,2960.486077,992.296832,17,98224.1996,100291.88,12,10,FLORESTA
24_13,37.7,31.1,17.2,13.9,68.8,31.1,62.3,45.9,54.1,47687,1.156862745,2912.672687,1827.867613,19,97509.1242,98109.9595,13,9,PARQUE AVELLANEDA
24_14,39.2,17.5,29.9,13.4,56.7,43.3,60.8,46.4,53.6,44672,1.470588235,2134.985201,432.0450669,29,98307.3031,102801.8195,14,11,VILLA DEL PARQUE
24_15,44.4,33.3,8.6,13.6,77.7,22.2,55.6,29.6,70.4,67470,1.113924051,2332.398309,567.7313373,22,98536.2622,106911.6404,15,12,VILLA URQUIZA
24_16,44,25.3,17.6,13.2,69.3,30.8,56,37.4,62.6,49685,1.407407407,2789.81261,763.8857305,23,96107.4524,105166.8582,16,12,VILLA PUEYRREDON
24_17,46.4,17.5,15.5,20.6,63.9,36.1,53.6,28.9,71.1,60201,1.235294118,2549.270345,1529.256773,17,96551.3137,102105.909,17,10,MONTE CASTRO
24_18,40.8,28.9,9.2,21.1,69.7,30.3,59.2,40.8,59.2,33549,1.325581395,2354.678158,3014.124194,19,94386.2585,99620.0564,18,10,VERSALLES
24_19,9.7,33.8,32.5,24,43.5,56.5,90.3,87,13,42511,0.96969697,1222.619307,712.0399277,12,101173.4303,96273.7031,19,8,VILLA SOLDATI
24_2,33.3,30.9,17.3,18.5,64.2,35.8,66.7,58,42,170343,3.119047619,3209.922565,322.9314425,21,105107.1661,103214.5245,2,3,BALVANERA
24_5,18.2,29.9,26,26,48.1,51.9,81.8,79.2,20.8,129877,1.55625,3457.680717,1027.803069,7,104908.9292,97467.6633,5,4,NUEVA POMPEYA
24_7,39.8,30.1,15.7,14.5,69.9,30.1,60.2,33.7,66.3,59207,1.084507042,2700.986337,2716.269853,29,100955.172,101110.7467,7,6,CABALLITO
24_8,19.6,38.1,22.7,19.6,57.7,42.3,80.4,59.8,40.2,52693,1.05,2446.670619,1237.890563,16,103481.0317,99135.6854,8,7,PARQUE CHACABUCO
25_1,18.8,25,31.3,25,43.8,56.3,81.3,91.3,8.8,72045,2.247619048,2856.14899,1356.776812,10,107096.4431,105638.1531,1,1,RETIRO
25_10,16.7,35.2,29.6,18.5,51.9,48.1,83.3,64.8,35.2,67344,1.678571429,2206.935966,318.7643382,9,97865.5624,108736.7034,10,12,SAAVEDRA
25_12,32.4,40.8,15.5,11.3,73.2,26.8,67.6,46.5,53.5,68892,1.434210526,3052.405729,1063.560487,29,98541.2412,101453.8403,12,11,VILLA SANTA RITA
25_14,61.6,26.7,10.5,1.2,88.3,11.6,38.4,3.5,96.5,67343,1.111111111,2475.227301,1432.947219,29,97655.35,103564.8296,14,15,AGRONOMIA
25_18,40.7,34.7,15.3,9.3,75.4,24.6,59.3,35.6,64.4,35700,1.409090909,2341.889731,2932.323684,17,94574.2701,99999.0399,18,10,VERSALLES
25_3,31.1,32.8,18,18,63.9,36.1,68.9,52.5,47.5,33232,0.5,2332.870281,1459.363904,26,106053.0388,100694.542,3,3,SAN CRISTOBAL
25_5,18.8,32.8,25,23.4,51.6,48.4,81.3,76.6,23.4,98456,5.898648649,2262.206626,959.7632757,28,106151.9446,98506.5875,5,4,PARQUE PATRICIOS
25_6,40.6,30.2,13.5,15.6,70.8,29.2,59.4,57.3,42.7,115445,2.5,3401.954578,1162.972227,26,103739.0593,99932.6565,6,5,BOEDO
25_7,62.7,28.4,6,3,91.1,9,37.3,11.9,88.1,42869,0.980769231,2731.020471,2489.722666,29,100800.1832,101294.749,7,6,CABALLITO
26_1,52.6,31.2,9.4,6.8,83.8,16.2,47.4,26.5,73.5,54070,0.583333333,2001.344847,1753.419233,21,104883.4852,105126.0956,1,14,PALERMO
26_14,57,24.7,10.8,7.5,81.7,18.3,43,14,86,47777,2.547169811,2133.664156,259.3513003,29,98846.2848,102655.8002,14,11,VILLA DEL PARQUE
26_15,27.4,43.8,19.2,9.6,71.2,28.8,72.6,43.8,56.2,57080,0.588235294,1628.331206,892.9520146,22,99449.4037,105813.7032,15,15,VILLA ORTUZAR
26_5,13.5,28.8,32.7,25,42.3,57.7,86.5,63.5,36.5,34064,0.660714286,3662.157975,1247.966757,26,106142.9987,99789.5588,5,4,PARQUE PATRICIOS
26_6,50.5,27,12,10.5,77.5,22.5,49.5,36,64,95645,3.025862069,2435.905794,945.0760379,26,103957.0442,99691.6528,6,5,BOEDO
27_15,57.9,25.2,11.9,5,83.1,17,42.1,8.8,91.2,66986,1.050632911,2423.284182,1815.562828,22,98278.3928,104920.7726,15,15,PARQUE CHAS
27_5,32.7,21.8,29.1,16.4,54.5,45.5,67.3,58.2,41.8,40423,0.040816327,3212.605619,303.6271931,27,107916.1856,97712.3568,5,4,BARRACAS
28_4,18.3,35,25.8,20.8,53.3,46.7,81.7,71.7,28.3,47730,0.540983607,3778.403728,907.64023,27,107841.8998,98352.52,4,4,BARRACAS
28_5,20.8,28.1,29.2,21.9,48.9,51,79.2,75,25,125816,4.820224719,2662.859948,1216.041603,26,105294.6225,98657.7197,5,4,PARQUE PATRICIOS
3_1,27.4,36.9,21.4,14.3,64.3,35.7,72.6,45.2,54.8,26451,0.428571429,2431.340624,1884.523117,10,106853.1466,103693.4403,1,2,RECOLETA
3_10,40.7,31.4,19.5,8.5,72.1,28,59.3,52.5,47.5,41493,1.409090909,2387.885089,1582.401087,22,100524.4298,107015.6307,10,13,BELGRANO
3_11,41.1,27.4,16.8,14.7,68.5,31.6,58.9,36.8,63.2,62008,1.16,2509.960977,1691.786113,17,98303.0898,99402.8971,11,10,VELEZ SARSFIELD
3_12,10.5,32.7,24.7,32.1,43.2,56.8,89.5,86.4,13.6,69792,0.792682927,2399.068271,1489.840514,17,98468.1734,99799.8809,12,10,FLORESTA
3_13,16,34.7,21.3,28,50.7,49.3,84,74.7,25.3,43008,1.215686275,2361.233928,717.95839,19,96689.1081,97284.0127,13,9,MATADEROS
3_14,37,26,24.7,12.3,63,37,63,49.3,50.7,58924,0.913043478,2485.186877,1718.349596,22,99262.369,104887.7321,14,15,VILLA ORTUZAR
3_15,28.4,37.7,22.2,11.7,66.1,34,71.6,46.9,53.1,66864,2.084337349,2155.002956,1361.595039,22,97954.5066,107456.7287,15,12,VILLA URQUIZA
3_16,55.8,29.5,10.3,4.5,85.3,14.7,44.2,27.2,72.8,51837,1.619047619,2822.234172,2001.918854,23,97068.3955,104331.8368,16,15,AGRONOMIA
3_17,39.4,31.8,15.2,13.6,71.2,28.8,60.6,30.3,69.7,48309,1.828125,2657.158796,1087.197577,29,97598.3216,102858.848,17,11,VILLA DEL PARQUE
3_18,34.8,27.3,22.7,15.2,62.1,37.9,65.2,57.6,42.4,59825,1.765625,2419.076653,1180.611777,17,96256.2809,101162.9428,18,10,MONTE CASTRO
3_19,17.1,25.7,28.6,28.6,42.8,57.1,82.9,77.1,22.9,110089,3.253846154,2510.691256,1121.169283,16,103786.9699,97830.7022,19,4,NUEVA POMPEYA
3_2,36.9,33.3,16.2,13.5,70.2,29.7,63.1,45,55,84366,3.470588235,3075.339596,874.7106882,1,103045.2,102906.6181,2,5,ALMAGRO
3_20,30.9,35.1,15.5,18.6,66,34,69.1,55.7,44.3,31163,2.225,2361.204021,2420.135224,19,94207.2239,98699.0849,20,9,LINIERS
3_21,13.5,29.1,25.1,32.4,42.6,57.4,86.5,84.9,15.1,52311,0.196078431,1823.230386,491.1221207,15,99181.9455,94759.9653,21,8,VILLA LUGANO
3_3,42.7,31.1,15.9,10.4,73.8,26.2,57.3,54.9,45.1,48433,0.095238095,2352.616304,896.9515139,11,107725.0388,101599.4512,3,1,MONTSERRAT
3_6,15.3,34.4,22.1,28.2,49.7,50.4,84.7,61.8,38.2,111436,3.689189189,2233.382186,1210.087443,26,105113.0728,100996.5746,6,3,SAN CRISTOBAL
3_7,62.9,25.4,6.3,5.4,88.3,11.7,37.1,11.7,88.3,64288,0.758064516,2083.287772,1482.359305,1,102732.1487,101516.6628,7,6,CABALLITO
3_8,56.2,25.6,13.2,5,81.8,18.2,43.8,12.4,87.6,95799,1.588235294,2651.861669,1906.584181,14,101486.1246,100269.7435,8,6,CABALLITO
3_9,48,28,16,8,76,24,52,42,58,105138,1.421052632,2654.970818,1530.821756,8,101940.3671,106288.5878,9,13,COLEGIALES
30_9,60.8,29.4,7.2,2.6,90.2,9.8,39.2,19.1,80.9,47476,1.844827586,3738.835191,2561.608373,8,102582.3929,107250.539,9,14,PALERMO
4_10,40.5,26.2,26.2,7.1,66.7,33.3,59.5,34.5,65.5,78731,2.387096774,2415.768956,1749.610592,9,99533.5195,108616.636,10,13,NUÃ‘EZ
4_11,19.6,33.7,25,21.7,53.3,46.7,80.4,82.1,17.9,56446,1.714285714,2426.16662,1078.827823,24,100526.0575,98151.8319,11,7,FLORES
4_12,30.3,29.5,16.4,23.8,59.8,40.2,69.7,55.7,44.3,88851,2.605504587,2428.604349,1471.003648,29,99655.4665,101459.7935,12,11,VILLA GRAL. MITRE
4_13,25.7,43.1,16.7,14.6,68.8,31.3,74.3,51.4,48.6,50645,1.15,2337.544936,732.3433609,19,96359.1337,97715.0168,13,9,MATADEROS
4_14,28.6,38.1,21.4,11.9,66.7,33.3,71.4,64.3,35.7,36520,0.607142857,1564.376485,2027.57231,8,99964.3433,104654.7078,14,15,VILLA ORTUZAR
4_15,25.8,46.8,14.5,12.9,72.6,27.4,74.2,35.5,64.5,65380,2.024691358,2205.001408,914.5215828,22,98088.4648,106532.744,15,12,VILLA URQUIZA
4_16,58.5,31.4,7.4,2.7,89.9,10.1,41.5,15.8,84.2,52469,1.625,2804.517709,1997.649192,23,96983.3947,104267.8419,16,15,AGRONOMIA
4_17,25.8,27.4,28.2,18.5,53.2,46.8,74.2,64.5,35.5,49320,1.220338983,2587.928957,2615.955963,17,95281.354,102376.9562,17,11,VILLA DEVOTO
4_18,16.9,20.3,33.9,28.8,37.2,62.7,83.1,74.6,25.4,55251,1.983606557,2302.124335,912.0936884,17,96500.2523,100614.945,18,10,VELEZ SARSFIELD
4_19,9.9,32.1,25.9,32.1,42,58,90.1,92.6,7.4,53097,1.784615385,3687.374243,237.4109548,16,102511.0078,98042.751,19,7,FLORES
4_2,39,36.4,10.4,14.3,75.4,24.7,61,39,61,146269,2.672131148,3284.538556,980.8941608,21,104235.2255,104156.5398,2,14,PALERMO
4_20,38.2,31.7,13.8,16.3,69.9,30.1,61.8,48.8,51.2,40081,2,2361.308632,2140.551543,19,94681.2157,98760.0635,20,9,LINIERS
4_21,10.9,29,26.5,33.6,39.9,60.1,89.1,93.2,6.8,45487,2.166666667,2127.392062,234.8591105,15,99450.9607,95266.9425,21,8,VILLA LUGANO
4_3,33.6,36.1,18.9,11.5,69.7,30.3,66.4,62.3,37.7,41305,0.040816327,2518.863289,880.020548,11,107902.0393,101706.4414,3,1,MONTSERRAT
4_5,18.8,31.3,31.3,18.8,50.1,50,81.3,79.2,20.8,63610,7.79245283,3093.279102,1820.131234,11,106775.9929,99991.5276,5,1,CONSTITUCION
4_6,33.3,41.2,10.8,14.7,74.5,25.5,66.7,38.2,61.8,121856,2.931677019,3162.026329,1401.399823,1,103760.1085,101115.6288,6,5,ALMAGRO
4_7,35,29.9,23.1,12,64.9,35,65,56.4,43.6,51791,2.106060606,3090.484573,2295.002525,14,101101.1451,100550.7533,7,6,CABALLITO
4_8,44.1,31.3,14.9,9.7,75.4,24.6,55.9,29.7,70.3,89342,1.648,2922.982258,1695.232007,14,102131.1033,100110.72,8,6,CABALLITO
4_9,31.3,22.9,18.8,27.1,54.2,45.8,68.8,54.2,45.8,62611,0.890410959,2565.077003,1443.810808,8,103260.2441,104073.5826,9,14,PALERMO
5_1,28,28,22.9,21,56,43.9,72,55.4,44.6,87501,4.338235294,2607.273909,1787.397328,21,106605.1315,103200.4619,1,1,SAN NICOLAS
5_10,44.8,34.3,14,7,79.1,20.9,55.2,37.2,62.8,31810,0.523809524,1558.401262,1542.373007,22,100405.4413,107224.631,10,13,BELGRANO
5_11,12,22.4,35.2,30.4,34.4,65.6,88,81.6,18.4,59323,1.837837838,3043.166409,2223.42186,24,99433.1081,98767.8638,11,7,FLORES
5_12,31.6,41.8,16.3,10.2,73.4,26.5,68.4,33.7,66.3,53564,0.951612903,2478.339584,1836.991966,29,99573.1961,100937.8086,12,7,FLORES
5_13,8.5,30.5,29.1,31.9,39,61,91.5,87.9,12.1,70947,2.036144578,2362.377978,927.4419096,25,99238.1195,97450.2302,13,9,PARQUE AVELLANEDA
5_14,44.4,33.3,15.6,6.7,77.7,22.2,55.6,40,60,72340,2.677777778,2261.508091,1452.87126,22,99066.3839,105134.7347,14,15,PARQUE CHAS
5_16,49,21.6,17.6,11.8,70.6,29.4,51,49,51,38059,1.785714286,2716.450041,1234.629957,23,95507.4438,104638.8954,16,11,VILLA DEVOTO
5_17,44.8,31.3,14.6,9.4,76.1,24,55.2,16.7,83.3,54532,0.264150943,1823.937236,1075.470195,29,97932.3339,103332.8232,17,11,VILLA DEL PARQUE
5_19,29.6,28.2,22.5,19.7,57.8,42.3,70.4,50.7,49.3,43696,1,2038.856119,1755.477789,13,103640.9226,96624.7357,19,4,NUEVA POMPEYA
5_2,44.7,38.6,7.3,9.3,83.3,16.7,55.3,19.5,80.5,87595,2.672727273,2299.351473,979.5861672,21,104446.2257,104276.5282,2,14,PALERMO
5_20,15.2,31.5,27.2,26.1,46.7,53.3,84.8,80.4,19.6,30477,1.333333333,2258.104981,852.1410725,19,96370.0743,96307.0483,20,9,MATADEROS
5_21,11.3,30.5,31.2,27,41.8,58.2,88.7,74.5,25.5,72461,2.584269663,2361.957762,514.75027,20,99787.9149,94359.9489,21,8,VILLA LUGANO
5_3,35.6,28.9,13.3,22.2,64.5,35.6,64.4,64.4,35.6,71382,4.982905983,3096.165784,1448.458479,11,106883.0282,100891.5027,3,1,CONSTITUCION
5_5,9.1,36.4,18.2,36.4,45.5,54.5,90.9,100,0,70443,0.022222222,2475.893322,1248.698935,28,107621.9193,98697.5214,5,4,BARRACAS
5_6,30.8,39,12.1,18.1,69.8,30.2,69.2,53.8,46.2,121116,4.315151515,2236.170169,1740.222836,1,105269.0921,101540.5557,6,3,BALVANERA
5_7,45.7,26.4,14.7,13.2,72.1,27.9,54.3,24.8,75.2,121521,1.404907975,3334.475108,1947.199799,29,100289.2033,101495.7659,7,7,FLORES
5_9,57.1,34.2,6.8,1.9,91.3,8.7,42.9,21.7,78.3,121737,2.054794521,2645.673114,2524.85205,8,102685.3879,107185.5361,9,14,PALERMO
6_1,20.6,30.4,27.5,21.6,51,49,79.4,68.6,31.4,40940,0.040816327,2656.897086,990.9857825,10,107915.1361,104016.3884,1,1,RETIRO
6_10,47.4,38.4,6.8,7.4,85.8,14.2,52.6,25.3,74.7,39111,0.972972973,1548.781634,968.007125,9,98806.5563,109098.6556,10,12,SAAVEDRA
6_11,15.1,25.5,30.2,29.2,40.6,59.4,84.9,77.4,22.6,53765,1.161290323,2596.228015,1141.980858,24,100563.0816,98745.8168,11,7,FLORES
6_12,37,32.1,14.8,16,69.1,30.9,63,35.2,64.8,59514,0.603773585,1484.371652,475.1744798,29,99092.2121,102406.5194,12,11,VILLA GRAL. MITRE
6_13,39.1,23.2,17.4,20.3,62.3,37.7,60.9,49.3,50.7,59127,1.479452055,2243.200208,1823.970959,17,97090.7042,99025.9964,13,10,VILLA LURO
6_16,38.4,32.8,16.8,12,71.2,28.8,61.6,39.2,60.8,67982,1.986666667,2937.39941,1229.210826,23,96983.4662,105969.8032,16,12,VILLA URQUIZA
6_17,19.3,42,21.6,17,61.3,38.6,80.7,50,50,41313,0.489795918,2516.23627,2951.928828,17,94578.3428,101732.0004,17,11,VILLA DEVOTO
6_19,18.9,37.7,24.5,18.9,56.6,43.4,81.1,69.8,30.2,37031,0.8,1978.918119,1623.199398,7,104206.9206,96882.7061,19,4,NUEVA POMPEYA
6_2,32.9,24.1,30.4,12.7,57,43,67.1,68.4,31.6,142316,3,2944.393471,649.3761056,21,104846.1515,102724.5466,2,3,BALVANERA
6_20,22,29.7,22,26.3,51.7,48.3,78,87.1,12.9,31964,0.633333333,1800.424368,640.707019,3,96534.0198,95099.0688,20,9,MATADEROS
6_21,18,32.6,23.3,26.2,50.6,49.4,82,76.7,23.3,34730,1.238095238,2805.645596,245.6770198,20,99962.8999,94097.522,21,8,VILLA LUGANO
6_5,24.6,25.4,22.8,27.2,50,50,75.4,68.4,31.6,61057,4.059405941,3187.042513,1739.211614,11,107124.972,99684.5199,5,1,CONSTITUCION
6_6,34.2,37.6,11.4,16.9,71.8,28.3,65.8,51.1,48.9,46243,2.690909091,2185.762761,1628.140995,26,105562.075,101291.5491,6,3,BALVANERA
6_7,50,28.6,7.1,14.3,78.6,21.4,50,39.3,60.7,65852,1.597701149,2902.671354,1886.758576,8,101558.2343,102921.6802,7,15,VILLA CRESPO
6_8,24.5,40.6,16.5,18.4,65.1,34.9,75.5,41.5,58.5,52963,0.852459016,2108.397351,1566.524587,26,103379.0787,100200.6655,8,5,BOEDO
6_9,33.6,40.2,13.1,13.1,73.8,26.2,66.4,37.4,62.6,21350,0.538461538,1514.206344,1473.563187,8,102986.3247,105843.5539,9,14,PALERMO
7_1,30.4,31.9,22.2,15.6,62.3,37.8,69.6,77,23,58008,3.104166667,3368.840851,2118.321386,10,107298.1098,103058.4361,1,1,SAN NICOLAS
7_10,35.5,33.6,17.3,13.6,69.1,30.9,64.5,55.5,44.5,53735,0.785714286,1573.991285,1779.690388,9,99609.5284,108868.6271,10,13,NUÃ‘EZ
7_11,15.2,33.1,24.1,27.6,48.3,51.7,84.8,90.3,9.7,83878,0.954954955,2650.546838,737.0771484,24,101394.7562,98973.2798,11,7,PARQUE CHACABUCO
7_12,42,27.3,14.8,15.9,69.3,30.7,58,44.3,55.7,58125,0.224137931,1856.045033,689.2315729,29,98281.2666,101918.8406,12,11,VILLA SANTA RITA
7_13,21.1,28.9,25.6,24.4,50,50,78.9,68.9,31.1,62324,1.5,2234.102697,1843.689261,19,97270.1424,98413.9627,13,10,VILLA LURO
7_16,54.2,33.3,6.3,6.3,87.5,12.5,45.8,21.9,78.1,29249,2.135135135,2687.82131,2804.684558,23,94863.3976,103189.9554,16,11,VILLA DEVOTO
7_17,49.1,37.7,8.8,4.4,86.8,13.2,50.9,27,73,63570,1.273972603,3043.155479,365.4929231,29,98426.2755,102209.828,17,11,VILLA SANTA RITA
7_18,21.5,31.2,23.7,23.7,52.7,47.3,78.5,57,43,54388,1.030769231,2294.620576,1974.041164,17,96462.1888,99081.9814,18,10,VILLA LURO
7_19,23.4,28.6,22.1,26,52,48.1,76.6,51.9,48.1,93187,1.724137931,2652.64301,667.6692205,12,101336.9725,96566.8338,19,8,VILLA SOLDATI
7_2,53,30.5,9.9,6.6,83.5,16.6,47,30.5,69.5,115541,2.891156463,2752.687122,1002.264182,1,102856.2877,102762.7582,2,6,CABALLITO
7_20,18.1,31.1,24.6,26.2,49.2,50.8,81.9,71.5,28.5,31383,1.184210526,2291.084692,658.1862522,19,95681.2221,96500.9293,20,9,MATADEROS
7_3,31.3,23.8,25,20,55.1,45,68.8,76.3,23.8,49591,0.090909091,2318.657779,897.4875476,11,107439.0218,101039.4759,3,1,CONSTITUCION
7_6,38.6,34,17,10.5,72.6,27.5,61.4,66.7,33.3,115287,3.8,2302.746998,211.5643037,26,104905.0364,100017.6056,6,3,SAN CRISTOBAL
7_8,21.3,32.4,24.2,22.2,53.7,46.4,78.7,69.1,30.9,72773,0.863636364,2396.147216,862.2374414,14,101940.073,99285.7467,8,7,PARQUE CHACABUCO
7_9,57.1,35.7,7.1,0,92.8,7.1,42.9,16.7,83.3,127163,1.278106509,3441.32549,1845.151342,8,100800.388,106169.6383,9,13,COLEGIALES
8_1,29.2,27.8,22,21.1,57,43.1,70.8,65.6,34.4,29545,13.05357143,3430.695444,2107.436619,10,107139.1178,103161.4404,1,1,SAN NICOLAS
8_10,37.6,33.7,15.8,12.9,71.3,28.7,62.4,49.5,50.5,96791,0.983050847,2682.875161,3469.906739,22,101883.4621,108518.5396,10,13,BELGRANO
8_11,20.7,29.8,25.6,24,50.5,49.6,79.3,71.9,28.1,35785,0.62962963,1569.259968,2035.750359,24,99978.1264,99496.8243,11,7,FLORES
8_12,33.7,35.9,12,18.5,69.6,30.4,66.3,60.9,39.1,46214,0.404255319,1647.386151,1024.239179,29,98394.2472,101516.845,12,11,VILLA SANTA RITA
8_13,10.4,25,26.9,37.7,35.4,64.6,89.6,85.4,14.6,56917,1.638888889,3235.785951,189.5149306,25,98859.8544,96686.5927,13,9,PARQUE AVELLANEDA
8_14,19.7,42.6,27.9,9.8,62.3,37.7,80.3,62.3,37.7,65030,1.666666667,3479.476508,1335.638975,8,100826.3005,104101.6842,14,15,CHACARITA
8_15,35.4,37.7,16.2,10.8,73.1,26.9,64.6,43.1,56.9,71042,2.344827586,2214.511519,843.5667601,22,98459.4315,105939.7419,15,12,VILLA URQUIZA
8_16,29.6,32.1,23.5,14.8,61.7,38.3,70.4,60.5,39.5,21864,2.703703704,2718.8734,2069.995959,23,94871.4305,103977.9371,16,11,VILLA DEVOTO
8_17,34.4,34.4,23,8.2,68.8,31.1,65.6,37.7,62.3,56602,1.763888889,2644.406893,2369.568153,29,96339.3613,103122.8949,17,11,VILLA DEL PARQUE
8_18,25.9,36.2,18.9,18.9,62.1,37.8,74.1,51.4,48.6,58697,1.575342466,2246.490915,1619.238665,17,96986.1842,99256.9554,18,10,VILLA LURO
8_19,17.6,34.3,25,23.1,51.9,48.1,82.4,69.4,30.6,120041,3,2756.521424,1397.861127,13,103147.9179,96650.8051,19,8,VILLA SOLDATI
8_2,25.9,33.1,25.2,15.8,59,41,74.1,61.9,38.1,47549,0.818181818,1995.594377,173.6837718,21,104769.1736,103209.5388,2,3,BALVANERA
8_20,34.7,34.7,15,15.6,69.4,30.6,65.3,55.8,44.2,46789,1.929824561,2320.572875,1547.706002,19,95525.1876,98548.0329,20,9,LINIERS
8_21,21.8,29.5,22.1,26.5,51.3,48.7,78.2,77.3,22.7,41663,1.553191489,2110.890635,977.7516219,5,98402.9627,94747.9983,21,8,VILLA LUGANO
8_5,20.9,25.3,36.3,17.6,46.2,53.8,79.1,73.6,26.4,63079,7.112359551,3128.920963,1062.36959,28,106851.3639,98837.9363,5,4,BARRACAS
8_6,32.8,28.7,17.2,21.3,61.5,38.5,67.2,40.2,59.8,127375,1.700636943,3485.523743,539.3117406,26,104478.0251,99464.4115,6,5,BOEDO
8_7,42.9,40,7.6,9.5,82.9,17.1,57.1,21,79,88928,1.868421053,3372.210561,2348.390744,29,100961.068,102234.8723,7,6,CABALLITO
8_8,27.5,35.8,19.2,17.5,63.3,36.7,72.5,49.2,50.8,9813,2,3890.472572,2257.605407,1,102659.1112,100583.6871,8,6,CABALLITO
8_9,58.2,29.5,6.2,6.2,87.7,12.3,41.8,18.5,81.5,110274,2.378571429,2710.795783,2045.898559,8,102735.3648,106663.5458,9,14,PALERMO
9_1,42.5,28.7,19.5,9.2,71.2,28.7,57.5,34.5,65.5,67191,0.022988506,2433.670733,1860.993008,11,107399.6312,102549.2161,1,1,SAN NICOLAS
9_10,45,39.8,11.1,4.1,84.8,15.2,55,22.8,77.2,67807,1.88372093,3182.625103,2409.441819,22,100218.506,108665.6061,10,13,NUÃ‘EZ
9_11,37.3,26.5,21.6,14.7,63.8,36.3,62.7,32.4,67.6,56081,2.424242424,2230.206697,2360.951214,17,99432.145,99644.8439,11,7,FLORES
9_12,15.4,33.8,21.3,29.4,49.2,50.7,84.6,83.8,16.2,67823,1.376623377,3091.19863,1587.990366,17,98645.1717,99855.8722,12,10,FLORESTA
9_13,11.2,27.1,34.7,27.1,38.3,61.8,88.8,77.6,22.4,68577,2.058823529,2194.540615,760.4069288,25,98286.0298,96282.9684,13,8,VILLA LUGANO
9_15,57.7,30.9,7.2,4.1,88.6,11.3,42.3,16.5,83.5,66277,0.7625,2450.951044,1149.223403,22,98413.4182,105598.7515,15,12,VILLA URQUIZA
9_16,40,39,14.3,6.7,79,21,60,19,81,54117,1.95,2965.752474,1230.889032,23,96831.49,106453.7986,16,12,VILLA URQUIZA
9_17,45.9,34.1,14.1,5.9,80,20,54.1,36.5,63.5,55854,0.90625,2506.939841,1852.901286,17,95723.313,101639.9544,17,11,VILLA DEVOTO
9_18,56.7,24.9,10.6,7.8,81.6,18.4,43.3,32.7,67.3,59114,1.59375,2430.007763,1015.348397,17,96789.289,101645.9095,18,10,MONTE CASTRO
9_19,20.8,24.8,20.8,33.6,45.6,54.4,79.2,64.8,35.2,85799,1.237623762,2586.868231,1425.83175,6,103229.9269,96504.7557,19,8,VILLA SOLDATI
9_2,49.2,33.7,11.2,5.9,82.9,17.1,50.8,26.7,73.3,57994,1.447761194,2373.352264,1094.991586,21,103972.6216,104059.5526,2,14,PALERMO
9_20,34.2,32.1,18.1,15.6,66.3,33.8,65.8,60.8,39.2,47397,1.98245614,2321.003076,1436.446058,19,95547.5994,98438.2847,20,9,LINIERS
9_21,20.2,36.1,21.9,21.9,56.3,43.7,79.8,65,35,72644,1.388235294,2478.134467,433.3059833,18,99987.1654,93389.3143,21,8,VILLA LUGANO
9_3,34.5,33.6,18.1,13.8,68.1,31.9,65.5,48.3,51.7,51033,2.940298507,2258.904615,2062.843564,21,106145.0826,101787.5133,3,3,BALVANERA
9_5,28,28,18.3,25.8,56,44.1,72,71,29,33573,0.333333333,2387.285795,477.3793611,28,106964.1614,97339.0627,5,4,BARRACAS
9_7,42.6,29.5,16.4,11.5,72.1,27.9,57.4,23,77,58082,1,2492.374084,1148.006392,29,99776.2556,102464.7655,7,11,VILLA GRAL. MITRE
9_8,45.4,28.2,16.2,10.2,73.6,26.4,54.6,33.3,66.7,106306,3.130434783,2886.081809,1865.652692,1,103243.1046,100743.6589,8,6,CABALLITO
9_9,44,32.1,14.3,9.5,76.1,23.8,56,48.8,51.2,117604,1.75,2658.949529,372.9646854,8,102243.3074,105031.6036,9,14,PALERMO
91_6,35.6,38.8,14.4,11.3,74.4,25.6,64.4,25,75,92623,3.403225806,2195.880703,761.5105429,26,105605.0001,99530.5873,6,4,PARQUE PATRICIOS
92_6,31.8,30.4,17.6,20.3,62.2,37.8,68.2,30.4,69.6,112301,7.339622642,2871.105213,761.5105429,26,105605.0001,99530.5873,6,4,PARQUE PATRICIOS
93_6,35.8,34.3,13.1,16.8,70.1,29.9,64.2,31.4,68.6,39820,0.266666667,1748.390891,761.5105429,26,105605.0001,99530.5873,6,4,PARQUE PATRICIOS
94_6,43.7,29.4,14.2,12.7,73.1,26.9,56.3,34.5,65.5,92623,3.403225806,2195.880703,761.5105429,26,105605.0001,99530.5873,6,4,PARQUE PATRICIOS
ENS 1_1,49,29.9,14.4,6.7,78.9,21.1,51,21.6,78.4,88557,10.28571429,2853.777946,1429.978193,21,106254.1436,103298.4744,1,2,RECOLETA
ENS 10_10,28.6,33.3,28.6,9.5,61.9,38.1,71.4,33.3,66.7,80996,2.626262626,2599.899876,2255.252425,22,100704.4698,108064.5994,10,13,BELGRANO
ENS 11_6,13,39.1,21.7,26.1,52.1,47.8,87,67.4,32.6,67421,2.416666667,2161.789019,476.872159,26,105357.0123,99687.5941,6,4,PARQUE PATRICIOS
ENS 2_6,55.6,26.1,11.8,6.5,81.7,18.3,44.4,26.8,73.2,127075,3.645348837,2642.704114,1319.151075,1,104884.1086,101725.5677,6,3,BALVANERA
ENS 4_8,39.4,26.3,19.2,15.2,65.7,34.3,60.6,38.4,61.6,115599,1.130434783,2682.978865,1789.095425,1,102568.141,101244.6759,8,6,CABALLITO
ENS 5_5,23.8,31.5,26.9,17.7,55.3,44.6,76.2,47.7,52.3,27181,0.305555556,2339.141363,1248.698935,28,107621.9193,98697.5214,5,4,BARRACAS
ENS 6_2,37.7,22.6,30.2,9.4,60.3,39.6,62.3,26.4,73.6,107727,3.714285714,2351.475848,1415.258204,21,104331.2461,104699.5234,2,14,PALERMO
ENS 7_2,47.6,34.9,4.8,12.7,82.5,17.5,52.4,23.8,76.2,71744,1.402298851,2537.654104,544.9928272,1,103513.1916,102960.5972,2,5,ALMAGRO
ENS 8_6,37.5,40.6,4.2,17.7,78.1,21.9,62.5,21.9,78.1,142800,2.988505747,3304.189153,966.36033,26,105153.061,100737.5788,6,3,SAN CRISTOBAL
ENS 9_1,38.3,31.9,21.3,8.5,70.2,29.8,61.7,51.1,48.9,78065,11.15503876,2855.883784,1754.139905,21,106491.1182,102821.4753,1,3,BALVANERA
Spangenber_1,68.1,21,6.7,4.2,89.1,10.9,31.9,9.2,90.8,135717,3.138888889,2890.215624,1506.109262,21,104852.2418,104879.4974,1,14,PALERMO
